region,projects,concluded,concluded_share,concluded_low,concluded_high,commissioning,commissioning_share,commissioning_low,commissioning_high,total_funding_eur,pnrr_funding_eur,mature_funding_eur,authorized_places,coverage_per_100,source_year,estimated_children_0_2,funding_per_child,projects_per_100k_children,mature_funding_per_child,mature_funding_share
Abruzzo,134,8,0.05970149253731343,0.030559034028733424,0.11338502308186452,64,0.47761194029850745,0.39484767990661,0.561624051810878,136558816.57,127269094.78999999,63218785.47,7300,29.9,2023/24,24414.715719063544,5593.2994732095885,548.8493150684932,2589.372171990411,0.4629418082104869
Basilicata,62,4,0.06451612903225806,0.025372905520440803,0.15447515727752878,32,0.5161290322580645,0.39447459605660673,0.6359014016175426,45598848.839999996,42710262.96,23261600.029999997,2488,25.3,2023/24,9833.99209486166,4636.860432684887,630.4662379421222,2365.42797732717,0.5101356859165833
Calabria,349,6,0.017191977077363897,0.007902452168801777,0.03699436600455349,100,0.28653295128939826,0.2416225617589353,0.33609146170643533,315687236.78999996,305985665.62,97494649.36,6953,17.2,2023/24,40424.41860465117,7809.320398084278,863.3395656551128,2411.7761671105995,0.3088330410546656
Campania,472,30,0.0635593220338983,0.044881027363584375,0.08928437087413152,205,0.4343220338983051,0.39031347350739515,0.4793910281691543,501065121.3,474638287.64,215491544.88,20355,15.4,2023/24,132175.32467532466,3790.9127329992634,357.10144927536237,1630.3462496448049,0.43006694283751573
Emilia-Romagna,116,28,0.2413793103448276,0.17260828506147008,0.3267302527831707,85,0.7327586206896551,0.6457194624767324,0.8048758534630909,188086122.48000002,143806307.19,120155607.39,39874,44.4,2023/24,89806.3063063063,2094.353172019863,129.16687565832373,1337.9417585684907,0.6388329229487766
Friuli-Venezia Giulia,31,10,0.3225806451612903,0.18569426566359176,0.49858990691914357,24,0.7741935483870968,0.6018758161665794,0.886048644387375,32784394.49,24282389.75,25914314.53,8904,40.4,2023/24,22039.60396039604,1487.521942268643,140.65588499550762,1175.8067239577717,0.7904466418589634
Lazio,229,17,0.07423580786026202,0.04686281704188661,0.11565746183093634,85,0.37117903930131,0.3112134825402782,0.4353952172212426,256517542.8,227368803.18,85105468.49000001,44548,39.8,2023/24,111929.64824120604,2291.774760581844,204.59279877884524,760.347859814582,0.33177250788011214
Liguria,49,5,0.10204081632653061,0.04437954674476266,0.21756361549195893,23,0.46938775510204084,0.3370350369317515,0.6061913601633808,61234186.65,46853676.779999994,26144809.96,9002,34.6,2023/24,26017.341040462426,2353.591266485226,188.33592534992226,1004.8993830437681,0.42696427257926195
Lombardia,275,63,0.2290909090909091,0.18335620406850306,0.28228997125217337,181,0.6581818181818182,0.6002875935206928,0.7117176598155566,280632181.14,222823926.13,182924130.76000002,78138,37.8,2023/24,206714.28571428574,1357.5848431098823,133.0338631651693,884.9128647684865,0.6518287746505594
Marche,87,5,0.05747126436781609,0.02479563779315351,0.12757376490451622,56,0.6436781609195402,0.5389320425142164,0.736272696869657,110728957.64,90449459.85,74240206.24000001,9518,34.6,2023/24,27508.67052023121,4025.238426501366,316.26392099180504,2698.7929564026063,0.6704678507077474
Molise,48,4,0.08333333333333333,0.032883756818091775,0.1955330179036728,15,0.3125,0.19945683446587817,0.4533307141589159,47561047.17,44575546.41,12499702.610000001,1182,23.5,2023/24,5029.787234042554,9455.876552411166,954.3147208121825,2485.135459686971,0.2628138645753876
Piemonte,135,27,0.2,0.1412498917666589,0.27535087944385617,88,0.6518518518518519,0.568299019288954,0.7270018249131313,136759799.71999997,108210051.28999999,85506551.8,26998,33.9,2023/24,79640.1179941003,1717.222464815171,169.51255648566558,1073.6617919919993,0.6252316249004816
Puglia,262,6,0.022900763358778626,0.010536909381496963,0.049052963811980134,100,0.3816793893129771,0.3249667959204555,0.44181149263152686,333100337.09,313447453.48,141152892.0,16945,21.4,2023/24,79182.24299065421,4206.755511198583,330.882266155208,1782.6331595160814,0.4237548758825245
Sardegna,88,10,0.11363636363636363,0.06290800375101355,0.1966856386718577,49,0.5568181818181818,0.4528179063718238,0.6560653815071655,90683316.41,80412583.07,52722323.099999994,9054,38.0,2023/24,23826.315789473683,3806.0150470289377,369.3395184448862,2212.776980119284,0.5813894461207211
Sicilia,301,19,0.06312292358803986,0.04077969162225696,0.09647676615274998,112,0.37209302325581395,0.31942032059446557,0.4279893647617151,303773221.76,287950619.62,102415157.11,17201,15.5,2023/24,110974.19354838709,2737.332095389803,271.2342305679902,922.8736324661357,0.33714346681589474
Toscana,116,11,0.09482758620689655,0.053777363581140936,0.16185301237546282,68,0.5862068965517241,0.4952220073322584,0.6716651467195278,140397218.05,104754900.48,68374198.44999999,27866,41.8,2023/24,66665.07177033494,2106.0086537321467,174.00416277901383,1025.63751353262,0.4870053652035307
Trentino-Alto Adige,37,14,0.3783783783783784,0.24063999175798265,0.5389956956078235,34,0.918918918918919,0.7869932065071162,0.9720394258995521,59252994.06,34761297.970000006,55806636.29,9149,33.5,2023/24,27310.447761194027,2169.609029413051,135.47928735380918,2043.4171119411958,0.9418365632880897
Umbria,33,5,0.15151515151515152,0.06650457281607568,0.3091987588044212,18,0.5454545454545454,0.37985938536217456,0.7015706148612388,43097317.56999999,36433958.32,23982599.8,7415,48.4,2023/24,15320.247933884299,2813.0953073337823,215.4012137559002,1565.418516952124,0.5564754641874572
Valle d'Aosta,4,3,0.75,0.30064184258240184,0.9544127391902995,3,0.75,0.30064184258240184,0.9544127391902995,4248629.66,2269504.75,2716290.4299999997,1017,44.3,2023/24,2295.7110609480815,1850.681356322517,174.2379547689282,1183.2022227040313,0.6393333021169936
Veneto,152,19,0.125,0.08150359127039453,0.18698374924427225,101,0.6644736842105263,0.5861761421546406,0.7346627435845406,199146848.7,147463444.92,134434672.06,34589,35.6,2023/24,97160.11235955055,2049.6770111075775,156.4427997340195,1383.6405577888927,0.6750529719027385
